id,title,description,image_link,link,product_type,brand,price,availability,item_group_id,checkout_url,additional_image_link,sale_price_effective_date,sale_price,condition,visibility,default_product,variant
BOR088C2-1_1241,"RAIDER","Material: Metal 
 
Marco: Completo 
 
Forma: Aviador 
 
  
   

  

 
  
   
    
 Ancho: 137.00 mm 
 
 Luna: 55.00 mm 
 
  
   

  

 
  
   
    
 Largo: 145.00 mm 
 
 Alto: 45.00 mm 
 
  
   

  

 
  
   
    
 Puente: 16.00 mm",https://opticasoliva.pe/wp-content/uploads/2020/09/3627C1.jpg,https://opticasoliva.pe/product/raider-5/,"Hombre, Oftalmicos","Ópticas Oliva",199PEN,in stock,BOR088C2-1_1241,https://opticasoliva.pe/cart/?add-to-cart=1241,"https://opticasoliva.pe/wp-content/uploads/2020/09/3627C1-1.jpg",1970-01-29T00:00+00:00/1970-01-30T23:59+00:00,199PEN,new,published,,
ZA448C5-1-2_1204,"BACK BACK","Material: Acetato 
 
Marco: Completo 
 
Forma: Cuadrado 
 
  
   

  

 
  
   
    
 Ancho: 138.00 mm 
 
 Luna: 52.00 mm 
 
  
   

  

 
  
   
    
 Largo: 145.00 mm 
 
 Alto: 43.00 mm 
 
  
   

  

 
  
   
    
 Puente: 16.00 mm",https://opticasoliva.pe/wp-content/uploads/2020/08/BTB054C07.jpg,https://opticasoliva.pe/product/back-back/,"Hombre, Oftalmicos","Ópticas Oliva",199PEN,in stock,ZA448C5-1-2_1204,https://opticasoliva.pe/cart/?add-to-cart=1204,"https://opticasoliva.pe/wp-content/uploads/2020/08/BTB054C07-2.jpg,https://opticasoliva.pe/wp-content/uploads/2020/08/BTB054C07-3.jpg",1970-01-29T00:00+00:00/1970-01-30T23:59+00:00,199PEN,new,published,,
ZA448C5-1-1_1200,"LENTES ZETTI","Material: Acetato 
 
Marco: Completo 
 
Forma: Redondo 
 
  
   

  

 
  
   
    
 Ancho: 139.00 mm 
 
 Luna: 50.00 mm 
 
  
   

  

 
  
   
    
 Largo: 145.00 mm 
 
 Alto: 44.00 mm 
 
  
   

  

 
  
   
    
 Puente: 19.00 mm",https://opticasoliva.pe/wp-content/uploads/2020/08/ZA408C1.jpg,https://opticasoliva.pe/product/lentes-zetti-2/,"Mujer, Oftalmicos","Ópticas Oliva",199PEN,in stock,ZA448C5-1-1_1200,https://opticasoliva.pe/cart/?add-to-cart=1200,"https://opticasoliva.pe/wp-content/uploads/2020/08/ZA408C1-2.jpg,https://opticasoliva.pe/wp-content/uploads/2020/08/ZA408C1-3.jpg",1970-01-29T00:00+00:00/1970-01-30T23:59+00:00,199PEN,new,published,,
ZA448C5-1_1196,"LENTES ZETTI","Material: Acetato 
 
Marco: Completo 
 
Forma: Cuadrado 
 
  
   

  

 
  
   
    
 Ancho: 139.00 mm 
 
 Luna: 51.00 mm 
 
  
   

  

 
  
   
    
 Largo: 145.00 mm 
 
 Alto: 43.00 mm 
 
  
   

  

 
  
   
    
 Puente: 20.00 mm",https://opticasoliva.pe/wp-content/uploads/2020/08/ZA447C1.jpg,https://opticasoliva.pe/product/lentes-zetti/,"Hombre, Oftalmicos","Ópticas Oliva",199PEN,in stock,ZA448C5-1_1196,https://opticasoliva.pe/cart/?add-to-cart=1196,"https://opticasoliva.pe/wp-content/uploads/2020/08/ZA447C1-2.jpg,https://opticasoliva.pe/wp-content/uploads/2020/08/ZA447C1-3.jpg",1970-01-29T00:00+00:00/1970-01-30T23:59+00:00,199PEN,new,published,,
ZA448C5_1192,"LENTES ZETTI","Material: Acetato 
 
Marco: Completo 
 
Forma: Cuadrado 
 
  
   

  

 
  
   
    
 Ancho: 137.00 mm 
 
 Luna: 53.00 mm 
 
  
   

  

 
  
   
    
 Largo: 145.00 mm 
 
 Alto: 41.00 mm 
 
  
   

  

 
  
   
    
 Puente: 17.00 mm",https://opticasoliva.pe/wp-content/uploads/2020/08/ZA448C5.jpg,https://opticasoliva.pe/product/lentes-zetty/,"Hombre, Oftalmicos","Ópticas Oliva",199PEN,in stock,ZA448C5_1192,https://opticasoliva.pe/cart/?add-to-cart=1192,"https://opticasoliva.pe/wp-content/uploads/2020/08/ZA448C5-2.jpg,https://opticasoliva.pe/wp-content/uploads/2020/08/ZA448C5-3.jpg",1970-01-29T00:00+00:00/1970-01-30T23:59+00:00,199PEN,new,published,,
MS328C2-1-1-1_1179,"LENTES FASHION","Material: Carey 
 
Marco: Completo 
 
Forma: Agatada 
 
  
   

  

 
  
   
    
 Ancho: 137.00 mm 
 
 Luna: 54.00 mm 
 
  
   

  

 
  
   
    
 Largo: 145.00 mm 
 
 Alto: 49.00 mm 
 
  
   

  

 
  
   
    
 Puente: 17.00 mm",https://opticasoliva.pe/wp-content/uploads/2020/08/92200C2.jpg,https://opticasoliva.pe/product/lentes-fashion-4/,"Mujer, Oftalmicos","Ópticas Oliva",149PEN,in stock,MS328C2-1-1-1_1179,https://opticasoliva.pe/cart/?add-to-cart=1179,"https://opticasoliva.pe/wp-content/uploads/2020/08/92200C2-2.jpg,https://opticasoliva.pe/wp-content/uploads/2020/08/92200C2-3.jpg",1970-01-29T00:00+00:00/2038-01-17T23:59+00:00,99PEN,new,published,,
MS328C2-1-1_1170,"LENTES FASHION","Material: Carey 
 
Marco: Completo 
 
Forma: Agatada 
 
  
   

  

 
  
   
    
 Ancho: 136.00 mm 
 
 Luna: 54.00 mm 
 
  
   

  

 
  
   
    
 Largo: 145.00 mm 
 
 Alto: 43.00 mm 
 
  
   

  

 
  
   
    
 Puente: 17.00 mm",https://opticasoliva.pe/wp-content/uploads/2020/08/95554-1.jpg,https://opticasoliva.pe/product/lentes-fashion-3/,"Mujer, Oftalmicos","Ópticas Oliva",119PEN,in stock,MS328C2-1-1_1170,https://opticasoliva.pe/cart/?add-to-cart=1170,"https://opticasoliva.pe/wp-content/uploads/2020/08/95554-2.jpg,https://opticasoliva.pe/wp-content/uploads/2020/08/95554-3.jpg",1970-01-29T00:00+00:00/1970-01-30T23:59+00:00,119PEN,new,published,,
93328C4_1168,"LENTES FASHION","color: azul",https://opticasoliva.pe/wp-content/uploads/2020/08/93328C4.jpg,https://opticasoliva.pe/product/lentes-fashion-2/?attribute_pa_color=azul,"Mujer, Oftalmicos","Ópticas Oliva",149PEN,in stock,MS328C2-1_1149,https://opticasoliva.pe/cart/?add-to-cart=1149&variation_id=1168&attribute_pa_color=azul,"https://opticasoliva.pe/wp-content/uploads/2020/08/93328C4-2.jpg",1970-01-29T00:00+00:00/2038-01-17T23:59+00:00,99PEN,new,published,default,"color:AZUL/TRANSPARENTE:AZUL"
93328C3_1167,"LENTES FASHION","color: transparente",https://opticasoliva.pe/wp-content/uploads/2020/08/93328C3.jpg,https://opticasoliva.pe/product/lentes-fashion-2/?attribute_pa_color=transparente,"Mujer, Oftalmicos","Ópticas Oliva",149PEN,in stock,MS328C2-1_1149,https://opticasoliva.pe/cart/?add-to-cart=1149&variation_id=1167&attribute_pa_color=transparente,"https://opticasoliva.pe/wp-content/uploads/2020/08/93328C4.jpg,https://opticasoliva.pe/wp-content/uploads/2020/08/93328C4-2.jpg",1970-01-29T00:00+00:00/2038-01-17T23:59+00:00,99PEN,new,published,,"color:AZUL/TRANSPARENTE:TRANSPARENTE"
MS238C2_1125,"LENTES FASHION","color: marron",https://opticasoliva.pe/wp-content/uploads/2020/08/MS5C2.jpg,https://opticasoliva.pe/product/lentes-fashion/?attribute_pa_color=marron,"Mujer, Oftalmicos","Ópticas Oliva",149PEN,in stock,MS328C2_1111,https://opticasoliva.pe/cart/?add-to-cart=1111&variation_id=1125&attribute_pa_color=marron,"https://opticasoliva.pe/wp-content/uploads/2020/08/MS5C2-2.jpg,https://opticasoliva.pe/wp-content/uploads/2020/08/MS5C2-3.jpg",1970-01-29T00:00+00:00/2038-01-17T23:59+00:00,99PEN,new,published,default,"color:MARRON/NEGRO/ROJO VINO:MARRON"
MS238C5_1124,"LENTES FASHION","color: rojo vino",https://opticasoliva.pe/wp-content/uploads/2020/08/MS5C2-4.jpg,https://opticasoliva.pe/product/lentes-fashion/?attribute_pa_color=rojo-vino,"Mujer, Oftalmicos","Ópticas Oliva",149PEN,in stock,MS328C2_1111,https://opticasoliva.pe/cart/?add-to-cart=1111&variation_id=1124&attribute_pa_color=rojo-vino,"https://opticasoliva.pe/wp-content/uploads/2020/08/MS5C2.jpg,https://opticasoliva.pe/wp-content/uploads/2020/08/MS5C2-2.jpg,https://opticasoliva.pe/wp-content/uploads/2020/08/MS5C2-3.jpg",1970-01-29T00:00+00:00/2038-01-17T23:59+00:00,99PEN,new,published,,"color:MARRON/NEGRO/ROJO VINO:ROJO VINO"
MS238C1_1123,"LENTES FASHION","color: negro",https://opticasoliva.pe/wp-content/uploads/2020/08/MS5C2-5.jpg,https://opticasoliva.pe/product/lentes-fashion/?attribute_pa_color=negro,"Mujer, Oftalmicos","Ópticas Oliva",149PEN,in stock,MS328C2_1111,https://opticasoliva.pe/cart/?add-to-cart=1111&variation_id=1123&attribute_pa_color=negro,"https://opticasoliva.pe/wp-content/uploads/2020/08/MS5C2.jpg,https://opticasoliva.pe/wp-content/uploads/2020/08/MS5C2-2.jpg,https://opticasoliva.pe/wp-content/uploads/2020/08/MS5C2-3.jpg",1970-01-29T00:00+00:00/2038-01-17T23:59+00:00,99PEN,new,published,,"color:MARRON/NEGRO/ROJO VINO:NEGRO"
MS6C1_1109,"LENTES COLORS","color: marron",https://opticasoliva.pe/wp-content/uploads/2020/08/MS-6C6.jpg,https://opticasoliva.pe/product/lentes-colors-7/?attribute_pa_color=marron,"Mujer, Oftalmicos","Ópticas Oliva",119PEN,in stock,MS-6_1099,https://opticasoliva.pe/cart/?add-to-cart=1099&variation_id=1109&attribute_pa_color=marron,"https://opticasoliva.pe/wp-content/uploads/2020/08/MS-6C1.jpg,https://opticasoliva.pe/wp-content/uploads/2020/08/MS-6C1-2.jpg,https://opticasoliva.pe/wp-content/uploads/2020/08/MS-6C1-3.jpg",1970-01-29T00:00+00:00/2038-01-17T23:59+00:00,69PEN,new,published,,"color:MORADO/MARRON:MARRON"
MS6C6_1108,"LENTES COLORS","color: morado",https://opticasoliva.pe/wp-content/uploads/2020/08/MS-6C1.jpg,https://opticasoliva.pe/product/lentes-colors-7/?attribute_pa_color=morado,"Mujer, Oftalmicos","Ópticas Oliva",119PEN,in stock,MS-6_1099,https://opticasoliva.pe/cart/?add-to-cart=1099&variation_id=1108&attribute_pa_color=morado,"https://opticasoliva.pe/wp-content/uploads/2020/08/MS-6C1-2.jpg,https://opticasoliva.pe/wp-content/uploads/2020/08/MS-6C1-3.jpg",1970-01-29T00:00+00:00/2038-01-17T23:59+00:00,69PEN,new,published,default,"color:MORADO/MARRON:MORADO"
VNG2309_1087,"RAIDER","Material: Metal/Acetato 
 
Marco: Completo 
 
Forma: Redondo 
 
  
   

  

 
  
   
    
 Ancho: 137.00 mm 
 
 Luna: 50.00 mm 
 
  
   

  

 
  
   
    
 Largo: 145.00 mm 
 
 Alto: 46.00 mm 
 
  
   

  

 
  
   
    
 Puente: 20.00 mm",https://opticasoliva.pe/wp-content/uploads/2020/08/VNGG2309.jpg,https://opticasoliva.pe/product/raider-4/,"Hombre, Mujer, Oftalmicos","Ópticas Oliva",149PEN,in stock,VNG2309_1087,https://opticasoliva.pe/cart/?add-to-cart=1087,"https://opticasoliva.pe/wp-content/uploads/2020/08/VNGG2309-2.jpg",1970-01-29T00:00+00:00/1970-01-30T23:59+00:00,149PEN,new,published,,
1913_912,"TRIBBU","Material: Metal 
 
Marco: Completo 
 
Forma: Redondo 
 
  
   

  

 
  
   
    
 Ancho: 134.00 mm 
 
 Luna: 50.00 mm 
 
  
   

  

 
  
   
    
 Largo: 145.00 mm 
 
 Alto: 45.00 mm 
 
  
   

  

 
  
   
    
 Puente: 18.00 mm",https://opticasoliva.pe/wp-content/uploads/2020/08/2006-4.jpg,https://opticasoliva.pe/product/tribbu-5/,"Hombre, Mujer, Oftalmicos","Ópticas Oliva",199PEN,in stock,1913_912,https://opticasoliva.pe/cart/?add-to-cart=912,"https://opticasoliva.pe/wp-content/uploads/2020/08/2006-42.jpg",1970-01-29T00:00+00:00/2038-01-17T23:59+00:00,149PEN,new,published,,
8816_910,"ROUND","Material: Metal 
 
Marco: Completo 
 
Forma: Redondo 
 
  
   

  

 
  
   
    
 Ancho: 134.00 mm 
 
 Luna: 49.00 mm 
 
  
   

  

 
  
   
    
 Largo: 145.00 mm 
 
 Alto: 47.00 mm 
 
  
   

  

 
  
   
    
 Puente: 21.00 mm",https://opticasoliva.pe/wp-content/uploads/2020/08/8816.jpg,https://opticasoliva.pe/product/round/,"Hombre, Mujer, Oftalmicos","Ópticas Oliva",199PEN,in stock,8816_910,https://opticasoliva.pe/cart/?add-to-cart=910,"https://opticasoliva.pe/wp-content/uploads/2020/08/8816-1.jpg,https://opticasoliva.pe/wp-content/uploads/2020/08/2006-3.jpg",1970-01-29T00:00+00:00/2038-01-17T23:59+00:00,149PEN,new,published,,
F225-1_900,"TRIBBU","Material: Metal 
 
Marco: Completo 
 
Forma: Redondo 
 
  
   

  

 
  
   
    
 Ancho: 134.00 mm 
 
 Luna: 50.00 mm 
 
  
   

  

 
  
   
    
 Largo: 145.00 mm 
 
 Alto: 45.00 mm 
 
  
   

  

 
  
   
    
 Puente: 18.00 mm",https://opticasoliva.pe/wp-content/uploads/2020/08/2006-33.jpg,https://opticasoliva.pe/product/tribbu-4/,"Hombre, Mujer, Oftalmicos","Ópticas Oliva",199PEN,in stock,F225-1_900,https://opticasoliva.pe/cart/?add-to-cart=900,"https://opticasoliva.pe/wp-content/uploads/2020/08/2006-34.jpg,https://opticasoliva.pe/wp-content/uploads/2020/08/2006-3.jpg",1970-01-29T00:00+00:00/2038-01-17T23:59+00:00,149PEN,new,published,,
TR903-1-1_898,"AGATA","Material: Carey 
 
Marco: Completo 
 
Forma: Agatada 
 
  
   

  

 
  
   
    
 Ancho: 139.00 mm 
 
 Luna: 51.00 mm 
 
  
   

  

 
  
   
    
 Largo: 145.00 mm 
 
 Alto: 49.00 mm 
 
  
   

  

 
  
   
    
 Puente: 16.00 mm",https://opticasoliva.pe/wp-content/uploads/2020/08/TR908.jpg,https://opticasoliva.pe/product/agata-4/,"Mujer, Oftalmicos","Ópticas Oliva",119PEN,in stock,TR903-1-1_898,https://opticasoliva.pe/cart/?add-to-cart=898,"https://opticasoliva.pe/wp-content/uploads/2020/08/TR908-1.jpg,https://opticasoliva.pe/wp-content/uploads/2020/08/TR908-2.jpg,https://opticasoliva.pe/wp-content/uploads/2020/08/TR908-3.jpg",1970-01-29T00:00+00:00/1970-01-30T23:59+00:00,119PEN,new,published,,
TR901-2_897,"MIA CAT","Material: Carey 
 
Marco: Completo 
 
Forma: Agatada 
 
  
   

  

 
  
   
    
 Ancho: 138.00 mm 
 
 Luna: 53.00 mm 
 
  
   

  

 
  
   
    
 Largo: 145.00 mm 
 
 Alto: 47.00 mm 
 
  
   

  

 
  
   
    
 Puente: 17.00 mm",https://opticasoliva.pe/wp-content/uploads/2020/08/TR9010.jpg,https://opticasoliva.pe/product/mia-cat/,"Mujer, Oftalmicos","Ópticas Oliva",119PEN,in stock,TR901-2_897,https://opticasoliva.pe/cart/?add-to-cart=897,"https://opticasoliva.pe/wp-content/uploads/2020/08/TR9010-1.jpg,https://opticasoliva.pe/wp-content/uploads/2020/08/TR9010-2.jpg,https://opticasoliva.pe/wp-content/uploads/2020/08/TR9010-3.jpg",1970-01-29T00:00+00:00/1970-01-30T23:59+00:00,119PEN,new,published,,
TR903-1_896,"AGATA","Material: Carey 
 
Marco: Completo 
 
Forma: Agatada 
 
  
   

  

 
  
   
    
 Ancho: 139.00 mm 
 
 Luna: 51.00 mm 
 
  
   

  

 
  
   
    
 Largo: 145.00 mm 
 
 Alto: 49.00 mm 
 
  
   

  

 
  
   
    
 Puente: 16.00 mm",https://opticasoliva.pe/wp-content/uploads/2020/08/TR9011.jpg,https://opticasoliva.pe/product/agata-3/,"Mujer, Oftalmicos","Ópticas Oliva",119PEN,in stock,TR903-1_896,https://opticasoliva.pe/cart/?add-to-cart=896,"https://opticasoliva.pe/wp-content/uploads/2020/08/TR9011-2.jpg,https://opticasoliva.pe/wp-content/uploads/2020/08/TR9011-3.jpg,https://opticasoliva.pe/wp-content/uploads/2020/08/TR9011-4.jpg",1970-01-29T00:00+00:00/1970-01-30T23:59+00:00,119PEN,new,published,,
TR903_895,"AGATA","Material: Carey 
 
Marco: Completo 
 
Forma: Agatada 
 
  
   

  

 
  
   
    
 Ancho: 139.00 mm 
 
 Luna: 51.00 mm 
 
  
   

  

 
  
   
    
 Largo: 145.00 mm 
 
 Alto: 49.00 mm 
 
  
   

  

 
  
   
    
 Puente: 16.00 mm",https://opticasoliva.pe/wp-content/uploads/2020/08/TR907.jpg,https://opticasoliva.pe/product/agata-2/,"Mujer, Oftalmicos","Ópticas Oliva",119PEN,in stock,TR903_895,https://opticasoliva.pe/cart/?add-to-cart=895,"https://opticasoliva.pe/wp-content/uploads/2020/08/TR907-1.jpg,https://opticasoliva.pe/wp-content/uploads/2020/08/TR907-2.jpg,https://opticasoliva.pe/wp-content/uploads/2020/08/TR907-3.jpg",1970-01-29T00:00+00:00/1970-01-30T23:59+00:00,119PEN,new,published,,
TR904_893,"MIMI","Material: Carey 
 
Marco: Completo 
 
Forma: Agatada 
 
  
   

  

 
  
   
    
 Ancho: 137.00 mm 
 
 Luna: 52.00 mm 
 
  
   

  

 
  
   
    
 Largo: 145.00 mm 
 
 Alto: 43.00 mm 
 
  
   

  

 
  
   
    
 Puente: 17.00 mm",https://opticasoliva.pe/wp-content/uploads/2020/08/TR909.jpg,https://opticasoliva.pe/product/mimi-3/,"Mujer, Oftalmicos","Ópticas Oliva",119PEN,in stock,TR904_893,https://opticasoliva.pe/cart/?add-to-cart=893,"https://opticasoliva.pe/wp-content/uploads/2020/08/TR909-1.jpg,https://opticasoliva.pe/wp-content/uploads/2020/08/TR909-2.jpg,https://opticasoliva.pe/wp-content/uploads/2020/08/TR909-3.jpg",1970-01-29T00:00+00:00/1970-01-30T23:59+00:00,119PEN,new,published,,
TR905_892,"MIA CLASIC","Material: Carey 
 
Marco: Completo 
 
Forma: Cuadrada 
 
  
   

  

 
  
   
    
 Ancho: 137.00 mm 
 
 Luna: 49.00 mm 
 
  
   

  

 
  
   
    
 Largo: 145.00 mm 
 
 Alto: 48.00 mm 
 
  
   

  

 
  
   
    
 Puente: 19.00 mm",https://opticasoliva.pe/wp-content/uploads/2020/08/TR904.jpg,https://opticasoliva.pe/product/mia-clasic-3/,"Mujer, Oftalmicos","Ópticas Oliva",119PEN,in stock,TR905_892,https://opticasoliva.pe/cart/?add-to-cart=892,"https://opticasoliva.pe/wp-content/uploads/2020/08/TR904-2.jpg,https://opticasoliva.pe/wp-content/uploads/2020/08/TR904-3.jpg,https://opticasoliva.pe/wp-content/uploads/2020/08/TR904-4.jpg",1970-01-29T00:00+00:00/1970-01-30T23:59+00:00,119PEN,new,published,,
TR906_891,"MIMI","Material: Carey 
 
Marco: Completo 
 
Forma: Agatada 
 
  
   

  

 
  
   
    
 Ancho: 137.00 mm 
 
 Luna: 52.00 mm 
 
  
   

  

 
  
   
    
 Largo: 145.00 mm 
 
 Alto: 43.00 mm 
 
  
   

  

 
  
   
    
 Puente: 17.00 mm",https://opticasoliva.pe/wp-content/uploads/2020/08/TR906.jpg,https://opticasoliva.pe/product/mimi-2/,"Mujer, Oftalmicos","Ópticas Oliva",119PEN,in stock,TR906_891,https://opticasoliva.pe/cart/?add-to-cart=891,"https://opticasoliva.pe/wp-content/uploads/2020/08/TR906-2.jpg,https://opticasoliva.pe/wp-content/uploads/2020/08/TR906-3.jpg,https://opticasoliva.pe/wp-content/uploads/2020/08/TR906-4.jpg",1970-01-29T00:00+00:00/1970-01-30T23:59+00:00,119PEN,new,published,,
TR907_890,"MIMI","Material: Carey 
 
Marco: Completo 
 
Forma: Agatada 
 
  
   

  

 
  
   
    
 Ancho: 137.00 mm 
 
 Luna: 52.00 mm 
 
  
   

  

 
  
   
    
 Largo: 145.00 mm 
 
 Alto: 43.00 mm 
 
  
   

  

 
  
   
    
 Puente: 17.00 mm",https://opticasoliva.pe/wp-content/uploads/2020/08/TR905.jpg,https://opticasoliva.pe/product/mimi/,"Mujer, Oftalmicos","Ópticas Oliva",119PEN,in stock,TR907_890,https://opticasoliva.pe/cart/?add-to-cart=890,"https://opticasoliva.pe/wp-content/uploads/2020/08/TR905-3.jpg,https://opticasoliva.pe/wp-content/uploads/2020/08/TR905-4.jpg,https://opticasoliva.pe/wp-content/uploads/2020/08/TR905-2.jpg",1970-01-29T00:00+00:00/1970-01-30T23:59+00:00,119PEN,new,published,,
TR908_886,"AGATA","Material: Carey 
 
Marco: Completo 
 
Forma: Agatada 
 
  
   

  

 
  
   
    
 Ancho: 144.00 mm 
 
 Luna: 53.00 mm 
 
  
   

  

 
  
   
    
 Largo: 145.00 mm 
 
 Alto: 49.00 mm 
 
  
   

  

 
  
   
    
 Puente: 20.00 mm",https://opticasoliva.pe/wp-content/uploads/2020/08/TR903-3.jpg,https://opticasoliva.pe/product/agata/,"Mujer, Oftalmicos","Ópticas Oliva",99PEN,in stock,TR908_886,https://opticasoliva.pe/cart/?add-to-cart=886,"https://opticasoliva.pe/wp-content/uploads/2020/08/TR903.jpg,https://opticasoliva.pe/wp-content/uploads/2020/08/TR903-2.jpg,https://opticasoliva.pe/wp-content/uploads/2020/08/TR903-4.jpg",1970-01-29T00:00+00:00/1970-01-30T23:59+00:00,99PEN,new,published,,
TR901-1_885,"MIMI","Material: Carey 
 
Marco: Completo 
 
Forma: Agatada 
 
  
   

  

 
  
   
    
 Ancho: 137.00 mm 
 
 Luna: 52.00 mm 
 
  
   

  

 
  
   
    
 Largo: 145.00 mm 
 
 Alto: 43.00 mm 
 
  
   

  

 
  
   
    
 Puente: 17.00 mm",https://opticasoliva.pe/wp-content/uploads/2020/08/TR902.jpg,https://opticasoliva.pe/product/mia-clasic-2/,"Mujer, Oftalmicos","Ópticas Oliva",119PEN,in stock,TR901-1_885,https://opticasoliva.pe/cart/?add-to-cart=885,"https://opticasoliva.pe/wp-content/uploads/2020/08/TR902-2.jpg,https://opticasoliva.pe/wp-content/uploads/2020/08/TR902-3.jpg,https://opticasoliva.pe/wp-content/uploads/2020/08/TR902-4.jpg",1970-01-29T00:00+00:00/1970-01-30T23:59+00:00,119PEN,new,published,,
TR901_840,"MIA CLASIC","Material: Carey 
 
Marco: Completo 
 
Forma: Cuadrada 
 
  
   

  

 
  
   
    
 Ancho: 137.00 mm 
 
 Luna: 49.00 mm 
 
  
   

  

 
  
   
    
 Largo: 145.00 mm 
 
 Alto: 48.00 mm 
 
  
   

  

 
  
   
    
 Puente: 19.00 mm",https://opticasoliva.pe/wp-content/uploads/2020/08/TR901.jpg,https://opticasoliva.pe/product/mia-clasic/,"Mujer, Oftalmicos","Ópticas Oliva",119PEN,in stock,TR901_840,https://opticasoliva.pe/cart/?add-to-cart=840,"https://opticasoliva.pe/wp-content/uploads/2020/08/TR901-2.jpg,https://opticasoliva.pe/wp-content/uploads/2020/08/TR901-3.jpg,https://opticasoliva.pe/wp-content/uploads/2020/08/TR901-4.jpg",1970-01-29T00:00+00:00/1970-01-30T23:59+00:00,119PEN,new,published,,
MIA062C6_835,"MICHEL","Material: Acetato 
 
Marco: Completo 
 
Forma: Redonda 
 
  
   

  

 
  
   
    
 Ancho: 132.00 mm 
 
 Luna: 51.00 mm 
 
  
   

  

 
  
   
    
 Largo: 145.00 mm 
 
 Alto: 46.00 mm 
 
  
   

  

 
  
   
    
 Puente: 21.00 mm",https://opticasoliva.pe/wp-content/uploads/2020/08/MIA062C6.jpg,https://opticasoliva.pe/product/michel-3/,"Mujer, Oftalmicos","Ópticas Oliva",119PEN,in stock,MIA062C6_835,https://opticasoliva.pe/cart/?add-to-cart=835,"https://opticasoliva.pe/wp-content/uploads/2020/08/MIA062C6-2.jpg,https://opticasoliva.pe/wp-content/uploads/2020/08/MIA062C6-3.jpg,https://opticasoliva.pe/wp-content/uploads/2020/08/MIA062C6-4.jpg",1970-01-29T00:00+00:00/1970-01-30T23:59+00:00,119PEN,new,published,,
TRA171109C1_830,"TRIBBU","Material: Acetato 
 
Marco: Completo 
 
Forma: Redondo 
 
  
   

  

 
  
   
    
 Ancho: 140.00 mm 
 
 Luna: 51.00 mm 
 
  
   

  

 
  
   
    
 Largo: 145.00 mm 
 
 Alto: 45.00 mm 
 
  
   

  

 
  
   
    
 Puente: 21.00 mm",https://opticasoliva.pe/wp-content/uploads/2020/08/TRA171109C1.jpg,https://opticasoliva.pe/product/tribbu-3/,"Hombre, Mujer, Oftalmicos","Ópticas Oliva",119PEN,in stock,TRA171109C1_830,https://opticasoliva.pe/cart/?add-to-cart=830,"https://opticasoliva.pe/wp-content/uploads/2020/08/TRA171109C1-2.jpg,https://opticasoliva.pe/wp-content/uploads/2020/08/TRA171109C1-3.jpg,https://opticasoliva.pe/wp-content/uploads/2020/08/TRA171109C1-4.jpg",1970-01-29T00:00+00:00/1970-01-30T23:59+00:00,119PEN,new,published,,
CWP100C1_825,"AGATA CW","Material: Carey 
 
Marco: Completo 
 
Forma: Agatada 
 
  
   

  

 
  
   
    
 Ancho: 138.00 mm 
 
 Luna: 50.00 mm 
 
  
   

  

 
  
   
    
 Largo: 145.00 mm 
 
 Alto: 47.00 mm 
 
  
   

  

 
  
   
    
 Puente: 19.00 mm",https://opticasoliva.pe/wp-content/uploads/2020/08/CWP100C1.jpg,https://opticasoliva.pe/product/agata-cw-copia/,"Mujer, Oftalmicos","Ópticas Oliva",89PEN,in stock,CWP100C1_825,https://opticasoliva.pe/cart/?add-to-cart=825,"https://opticasoliva.pe/wp-content/uploads/2020/08/CWP100C1-2.jpg,https://opticasoliva.pe/wp-content/uploads/2020/08/CWP100C1-3.jpg,https://opticasoliva.pe/wp-content/uploads/2020/08/CWP100C1-4.jpg",1970-01-29T00:00+00:00/1970-01-30T23:59+00:00,89PEN,new,published,,
CWP094C5_820,"LENTES COLORS","Material: Carey 
 
Marco: Completo 
 
Forma: Cuadrado 
 
  
   

  

 
  
   
    
 Ancho: 136.00 mm 
 
 Luna: 50.00 mm 
 
  
   

  

 
  
   
    
 Largo: 145.00 mm 
 
 Alto: 3800 mm 
 
  
   

  

 
  
   
    
 Puente: 15.00 mm",https://opticasoliva.pe/wp-content/uploads/2020/08/CWP094.jpg,https://opticasoliva.pe/product/lentes-colors-6/,"Mujer, Oftalmicos","Ópticas Oliva",69PEN,in stock,CWP094C5_820,https://opticasoliva.pe/cart/?add-to-cart=820,"https://opticasoliva.pe/wp-content/uploads/2020/08/CWP094-2.jpg,https://opticasoliva.pe/wp-content/uploads/2020/08/CWP094-3.jpg,https://opticasoliva.pe/wp-content/uploads/2020/08/CWP094-4.jpg",1970-01-29T00:00+00:00/1970-01-30T23:59+00:00,69PEN,new,published,,
MIA076C6_815,"MICHEL","Material: Acetato 
 
Marco: Completo 
 
Forma: Agatada 
 
  
   

  

 
  
   
    
 Ancho: 134.00 mm 
 
 Luna: 53.00 mm 
 
  
   

  

 
  
   
    
 Largo: 145.00 mm 
 
 Alto: 44.00 mm 
 
  
   

  

 
  
   
    
 Puente: 17.00 mm",https://opticasoliva.pe/wp-content/uploads/2020/08/MIA076C6.jpg,https://opticasoliva.pe/product/michel-2/,"Mujer, Oftalmicos","Ópticas Oliva",119PEN,in stock,MIA076C6_815,https://opticasoliva.pe/cart/?add-to-cart=815,"https://opticasoliva.pe/wp-content/uploads/2020/08/MIA076C6-2.jpg,https://opticasoliva.pe/wp-content/uploads/2020/08/MIA076C6-23.jpg,https://opticasoliva.pe/wp-content/uploads/2020/08/MIA076C6-4.jpg",1970-01-29T00:00+00:00/1970-01-30T23:59+00:00,119PEN,new,published,,
CW962C1_809,"LENTES COLORS","Material: Carey 
 
Marco: Completo 
 
Forma: Redonda 
 
  
   

  

 
  
   
    
 Ancho: 136.00 mm 
 
 Luna: 52.00 mm 
 
  
   

  

 
  
   
    
 Largo: 145.00 mm 
 
 Alto: 46.00 mm 
 
  
   

  

 
  
   
    
 Puente: 19.00 mm",https://opticasoliva.pe/wp-content/uploads/2020/08/CW962C1.jpg,https://opticasoliva.pe/product/lentes-colors-5/,"Mujer, Oftalmicos","Ópticas Oliva",99PEN,in stock,CW962C1_809,https://opticasoliva.pe/cart/?add-to-cart=809,"https://opticasoliva.pe/wp-content/uploads/2020/08/CW962C1-3.jpg,https://opticasoliva.pe/wp-content/uploads/2020/08/CW962C1-2.jpg,https://opticasoliva.pe/wp-content/uploads/2020/08/CW962C1-1.jpg",1970-01-29T00:00+00:00/1970-01-30T23:59+00:00,99PEN,new,published,,
BOR088C2_806,"RAIDER","Material: Metal 
 
Marco: Completo 
 
Forma: Redondo Aviador 
 
  
   

  

 
  
   
    
 Ancho: 150.00 mm 
 
 Luna: 59.00 mm 
 
  
   

  

 
  
   
    
 Largo: 145.00 mm 
 
 Alto: 50.00 mm 
 
  
   

  

 
  
   
    
 Puente: 15.00 mm",https://opticasoliva.pe/wp-content/uploads/2020/08/BOR088C2-1.jpg,https://opticasoliva.pe/product/raider-3/,"Hombre, Mujer, Oftalmicos","Ópticas Oliva",119PEN,in stock,BOR088C2_806,https://opticasoliva.pe/cart/?add-to-cart=806,"https://opticasoliva.pe/wp-content/uploads/2020/08/BOR088C2-2.jpg,https://opticasoliva.pe/wp-content/uploads/2020/08/BOR088C1-3.jpg,https://opticasoliva.pe/wp-content/uploads/2020/08/BOR088C1-4.jpg",1970-01-29T00:00+00:00/1970-01-30T23:59+00:00,119PEN,new,published,,
TR2287_801,"SMART CLIP 6 EN 1","Material: TR90 
 
Marco: Completo 
 
Forma: Cuadrado 
 
  
   

  

 
  
   
    
 Ancho: 143.00 mm 
 
 Luna: 54.00 mm 
 
  
   

  

 
  
   
    
 Largo: 145.00 mm 
 
 Alto: 43.00 mm 
 
  
   

  

 
  
   
    
 Puente: 18.00 mm",https://opticasoliva.pe/wp-content/uploads/2020/08/2287-20.jpg,https://opticasoliva.pe/product/smart-clip-6-en-2/,"Clip Solar, Hombre, Oftalmicos","Ópticas Oliva",189PEN,in stock,TR2287_801,https://opticasoliva.pe/cart/?add-to-cart=801,"https://opticasoliva.pe/wp-content/uploads/2020/08/2287-11.jpg,https://opticasoliva.pe/wp-content/uploads/2020/08/2287-25.jpg",1970-01-29T00:00+00:00/2038-01-17T23:59+00:00,129PEN,new,published,,
TR2249_796,"SMART CLIP 6 EN 1","Material: TR90 
 
Marco: Completo 
 
Forma: Cuadrado 
 
  
   

  

 
  
   
    
 Ancho: 135.00 mm 
 
 Luna: 51.00 mm 
 
  
   

  

 
  
   
    
 Largo: 145.00 mm 
 
 Alto: 40.00 mm 
 
  
   

  

 
  
   
    
 Puente: 20.00 mm",https://opticasoliva.pe/wp-content/uploads/2020/08/2249-20.jpg,https://opticasoliva.pe/product/smart-clip-6-en/,"Clip Solar, Hombre, Oftalmicos","Ópticas Oliva",189PEN,in stock,TR2249_796,https://opticasoliva.pe/cart/?add-to-cart=796,"https://opticasoliva.pe/wp-content/uploads/2020/08/2249-11.jpg,https://opticasoliva.pe/wp-content/uploads/2020/08/3-2249.jpg,https://opticasoliva.pe/wp-content/uploads/2020/08/2249-21.jpg",1970-01-29T00:00+00:00/2038-01-17T23:59+00:00,129PEN,new,published,,
TR2285_792,"SMART CLIP 6 EN 1","Material: TR90 
 
Marco: Completo 
 
Forma: Redondo 
 
  
   

  

 
  
   
    
 Ancho: 136.00 mm 
 
 Luna: 48.00 mm 
 
  
   

  

 
  
   
    
 Largo: 145.00 mm 
 
 Alto: 47.00 mm 
 
  
   

  

 
  
   
    
 Puente: 22.00 mm",https://opticasoliva.pe/wp-content/uploads/2020/08/2285-20.jpg,https://opticasoliva.pe/product/smart-clip-6-en-1-4/,"Clip Solar, Hombre, Mujer, Oftalmicos","Ópticas Oliva",189PEN,in stock,TR2285_792,https://opticasoliva.pe/cart/?add-to-cart=792,"https://opticasoliva.pe/wp-content/uploads/2020/08/2285-11.jpg",1970-01-29T00:00+00:00/2038-01-17T23:59+00:00,129PEN,new,published,,
TR2263_786,"SMART CLIP 6 EN 1","Material: TR90 
 
Marco: Completo 
 
Forma: Cuadrado 
 
  
   

  

 
  
   
    
 Ancho: 142.00 mm 
 
 Luna: 54.00 mm 
 
  
   

  

 
  
   
    
 Largo: 145.00 mm 
 
 Alto: 44.00 mm 
 
  
   

  

 
  
   
    
 Puente: 19.00 mm",https://opticasoliva.pe/wp-content/uploads/2020/08/2263-21.jpg,https://opticasoliva.pe/product/smart-clip-6-en-1-3/,"Clip Solar, Hombre, Mujer, Oftalmicos","Ópticas Oliva",189PEN,in stock,TR2263_786,https://opticasoliva.pe/cart/?add-to-cart=786,"https://opticasoliva.pe/wp-content/uploads/2020/08/2263-f.jpg,https://opticasoliva.pe/wp-content/uploads/2020/08/2263-1d.jpg,https://opticasoliva.pe/wp-content/uploads/2020/08/2263-1b.jpg",1970-01-29T00:00+00:00/2038-01-17T23:59+00:00,129PEN,new,published,,
2256_782,"SMART CLIP 6 EN 1","Material: TR90 
 
Marco: Completo 
 
Forma: Cuadrado 
 
  
   

  

 
  
   
    
 Ancho: 138.00 mm 
 
 Luna: 51.00 mm 
 
  
   

  

 
  
   
    
 Largo: 145.00 mm 
 
 Alto: 33.00 mm 
 
  
   

  

 
  
   
    
 Puente: 22.00 mm",https://opticasoliva.pe/wp-content/uploads/2020/08/2256-11.jpg,https://opticasoliva.pe/product/smart-clip-6-en-1-2/,"Clip Solar, Hombre, Oftalmicos","Ópticas Oliva",189PEN,in stock,2256_782,https://opticasoliva.pe/cart/?add-to-cart=782,"https://opticasoliva.pe/wp-content/uploads/2020/08/2256-13.jpg,https://opticasoliva.pe/wp-content/uploads/2020/08/2256-12.jpg",1970-01-29T00:00+00:00/2038-01-17T23:59+00:00,129PEN,new,published,,
2283_779,"SMART CLIP 6 EN 1","Material: TR90 
 
Marco: Completo 
 
Forma: Cuadrado 
 
  
   

  

 
  
   
    
 Ancho: 137.00 mm 
 
 Luna: 52.00 mm 
 
  
   

  

 
  
   
    
 Largo: 145.00 mm 
 
 Alto: 45.00 mm 
 
  
   

  

 
  
   
    
 Puente: 18.00 mm",https://opticasoliva.pe/wp-content/uploads/2020/08/2283-13.jpg,https://opticasoliva.pe/product/smart-clip-6-en-1/,"Clip Solar, Mujer, Oftalmicos","Ópticas Oliva",189PEN,in stock,2283_779,https://opticasoliva.pe/cart/?add-to-cart=779,"https://opticasoliva.pe/wp-content/uploads/2020/08/2283-11.jpg",1970-01-29T00:00+00:00/2038-01-17T23:59+00:00,129PEN,new,published,,
KINGSEVEN1-1-1-1_777,"KINGSEVEN","Material: Madera y Acetato 
 
Marco: Completo 
 
Forma: Cuadrado 
 
  
   

  

 
  
   
    
 Ancho: 140.00 mm 
 
 Luna: 59.00 mm 
 
  
   

  

 
  
   
    
 Largo: 145.00 mm 
 
 Alto: 4700 mm 
 
  
   

  

 
  
   
    
 Puente: 18.00 mm",https://opticasoliva.pe/wp-content/uploads/2020/08/kingseven1-1.jpg,https://opticasoliva.pe/product/kingseven-4/,"Solares","Ópticas Oliva",189PEN,in stock,KINGSEVEN1-1-1-1_777,https://opticasoliva.pe/cart/?add-to-cart=777,"https://opticasoliva.pe/wp-content/uploads/2020/08/kingseven1-3.jpg,https://opticasoliva.pe/wp-content/uploads/2020/08/kingseven1-2.jpg,https://opticasoliva.pe/wp-content/uploads/2020/08/kingseven-accesorios.jpg",1970-01-29T00:00+00:00/2038-01-17T23:59+00:00,149PEN,new,published,,
KINGSEVEN1-1-1_775,"KINGSEVEN","Material: Madera y Acetato 
 
Marco: Completo 
 
Forma: Cuadrado 
 
  
   

  

 
  
   
    
 Ancho: 140.00 mm 
 
 Luna: 59.00 mm 
 
  
   

  

 
  
   
    
 Largo: 145.00 mm 
 
 Alto: 4700 mm 
 
  
   

  

 
  
   
    
 Puente: 18.00 mm",https://opticasoliva.pe/wp-content/uploads/2020/08/kingseven3-1.jpg,https://opticasoliva.pe/product/kingseven-3/,"Solares","Ópticas Oliva",189PEN,out of stock,KINGSEVEN1-1-1_775,https://opticasoliva.pe/cart/?add-to-cart=775,"https://opticasoliva.pe/wp-content/uploads/2020/08/kingseven3-3.jpg,https://opticasoliva.pe/wp-content/uploads/2020/08/kingseven3-2.jpg,https://opticasoliva.pe/wp-content/uploads/2020/08/kingseven-accesorios.jpg",1970-01-29T00:00+00:00/2038-01-17T23:59+00:00,149PEN,new,published,,
KINGSEVEN1-1_774,"KINGSEVEN","Material: Madera y Acetato 
 
Marco: Completo 
 
Forma: Cuadrado 
 
  
   

  

 
  
   
    
 Ancho: 140.00 mm 
 
 Luna: 59.00 mm 
 
  
   

  

 
  
   
    
 Largo: 145.00 mm 
 
 Alto: 4700 mm 
 
  
   

  

 
  
   
    
 Puente: 18.00 mm",https://opticasoliva.pe/wp-content/uploads/2020/08/kingseven2-1.jpg,https://opticasoliva.pe/product/kingseven-2/,"Solares","Ópticas Oliva",189PEN,out of stock,KINGSEVEN1-1_774,https://opticasoliva.pe/cart/?add-to-cart=774,"https://opticasoliva.pe/wp-content/uploads/2020/08/kingseven2-2.jpg,https://opticasoliva.pe/wp-content/uploads/2020/08/kingseven2-3.jpg,https://opticasoliva.pe/wp-content/uploads/2020/08/kingseven-accesorios.jpg",1970-01-29T00:00+00:00/2038-01-17T23:59+00:00,149PEN,new,published,,
KINGSEVEN1_760,"KINGSEVEN","Material: Madera y Acetato 
 
Marco: Completo 
 
Forma: Cuadrado 
 
  
   

  

 
  
   
    
 Ancho: 140.00 mm 
 
 Luna: 59.00 mm 
 
  
   

  

 
  
   
    
 Largo: 145.00 mm 
 
 Alto: 4700 mm 
 
  
   

  

 
  
   
    
 Puente: 18.00 mm",https://opticasoliva.pe/wp-content/uploads/2020/08/kingseven4-1.jpg,https://opticasoliva.pe/product/kingseven/,"Solares","Ópticas Oliva",189PEN,out of stock,KINGSEVEN1_760,https://opticasoliva.pe/cart/?add-to-cart=760,"https://opticasoliva.pe/wp-content/uploads/2020/08/kingseven4-3.jpg,https://opticasoliva.pe/wp-content/uploads/2020/08/kingseven4-2.jpg,https://opticasoliva.pe/wp-content/uploads/2020/08/kingseven-accesorios.jpg",1970-01-29T00:00+00:00/2038-01-17T23:59+00:00,149PEN,new,published,,
CWP159C4-2_753,"LENTES COLORS","Material: Carey 
 
Marco: Completo 
 
Forma: Cuadrado 
 
  
   

  

 
  
   
    
 Ancho: 137.00 mm 
 
 Luna: 53.00 mm 
 
  
   

  

 
  
   
    
 Largo: 145.00 mm 
 
 Alto: 38.00 mm 
 
  
   

  

 
  
   
    
 Puente: 17.00 mm",https://opticasoliva.pe/wp-content/uploads/2020/08/CWP146C5.jpg,https://opticasoliva.pe/product/lentes-colors-4/,"Hombre, Oftalmicos","Ópticas Oliva",69PEN,in stock,CWP159C4-2_753,https://opticasoliva.pe/cart/?add-to-cart=753,"https://opticasoliva.pe/wp-content/uploads/2020/08/CWP146C5-2.jpg,https://opticasoliva.pe/wp-content/uploads/2020/08/CWP146C5-3.jpg,https://opticasoliva.pe/wp-content/uploads/2020/08/CWP146C5-4.jpg",1970-01-29T00:00+00:00/1970-01-30T23:59+00:00,69PEN,new,published,,
MAG283C3_748,"MAGISTER","Material: Metal 
 
Marco: Completo 
 
Forma: Cuadrado Piloto 
 
  
   

  

 
  
   
    
 Ancho: 139.00 mm 
 
 Luna: 55.00 mm 
 
  
   

  

 
  
   
    
 Largo: 145.00 mm 
 
 Alto: 43.00 mm 
 
  
   

  

 
  
   
    
 Puente: 18.00 mm",https://opticasoliva.pe/wp-content/uploads/2020/08/MAG283C3.jpg,https://opticasoliva.pe/product/magister/,"Hombre, Oftalmicos","Ópticas Oliva",119PEN,in stock,MAG283C3_748,https://opticasoliva.pe/cart/?add-to-cart=748,"https://opticasoliva.pe/wp-content/uploads/2020/08/MAG283C3-2.jpg,https://opticasoliva.pe/wp-content/uploads/2020/08/MAG283C3-4.jpg,https://opticasoliva.pe/wp-content/uploads/2020/08/MAG283C3-3.jpg",1970-01-29T00:00+00:00/2038-01-17T23:59+00:00,89PEN,new,published,,
BOR093C4_740,"RAIDER","Material: Metal 
 
Marco: Completo 
 
Forma: Cuadrado Piloto 
 
  
   

  

 
  
   
    
 Ancho: 145.00 mm 
 
 Luna: 58.00 mm 
 
  
   

  

 
  
   
    
 Largo: 145.00 mm 
 
 Alto: 47.00 mm 
 
  
   

  

 
  
   
    
 Puente: 15.00 mm",https://opticasoliva.pe/wp-content/uploads/2020/08/BOR093C4.jpg,https://opticasoliva.pe/product/raider-2/,"Hombre, Oftalmicos","Ópticas Oliva",119PEN,in stock,BOR093C4_740,https://opticasoliva.pe/cart/?add-to-cart=740,"https://opticasoliva.pe/wp-content/uploads/2020/08/BOR093C4-2.jpg,https://opticasoliva.pe/wp-content/uploads/2020/08/BOR093C4-4.jpg,https://opticasoliva.pe/wp-content/uploads/2020/08/BOR093C4-3.jpg",1970-01-29T00:00+00:00/1970-01-30T23:59+00:00,119PEN,new,published,,
CWP137C6_720,"LENTES COLORS","Material: Carey 
 
Marco: Completo 
 
Forma: Cuadrado 
 
  
   

  

 
  
   
    
 Ancho: 137.00 mm 
 
 Luna: 52.00 mm 
 
  
   

  

 
  
   
    
 Largo: 145.00 mm 
 
 Alto: 45.00 mm 
 
  
   

  

 
  
   
    
 Puente: 18.00 mm",https://opticasoliva.pe/wp-content/uploads/2020/08/CWP137C6.jpg,https://opticasoliva.pe/product/lentes-colors-3/,"Hombre, Mujer, Oftalmicos","Ópticas Oliva",69PEN,in stock,CWP137C6_720,https://opticasoliva.pe/cart/?add-to-cart=720,"https://opticasoliva.pe/wp-content/uploads/2020/08/CWP137C6-2.jpg,https://opticasoliva.pe/wp-content/uploads/2020/08/CWP137C6-3.jpg,https://opticasoliva.pe/wp-content/uploads/2020/08/CWP137C6-4.jpg",1970-01-29T00:00+00:00/1970-01-30T23:59+00:00,69PEN,new,published,,
CWP159C4-1_714,"LENTES COLORS","Material: Carey 
 
Marco: Completo 
 
Forma: Agatada 
 
  
   

  

 
  
   
    
 Ancho: 138.00 mm 
 
 Luna: 54.00 mm 
 
  
   

  

 
  
   
    
 Largo: 145.00 mm 
 
 Alto: 44.00 mm 
 
  
   

  

 
  
   
    
 Puente: 17.00 mm",https://opticasoliva.pe/wp-content/uploads/2020/08/CWP115C3-1.jpg,https://opticasoliva.pe/product/lentes-colors-2/,"Mujer, Oftalmicos","Ópticas Oliva",99PEN,in stock,CWP159C4-1_714,https://opticasoliva.pe/cart/?add-to-cart=714,"https://opticasoliva.pe/wp-content/uploads/2020/08/CWP115C3-2.jpg,https://opticasoliva.pe/wp-content/uploads/2020/08/CWP115C3-3.jpg,https://opticasoliva.pe/wp-content/uploads/2020/08/CWP115C3-4.jpg",1970-01-29T00:00+00:00/2038-01-17T23:59+00:00,69PEN,new,published,,
CWP159C4_709,"LENTES COLORS","Material: Carey 
 
Marco: Completo 
 
Forma: Cuadrado 
 
  
   

  

 
  
   
    
 Ancho: 142.00 mm 
 
 Luna: 56.00 mm 
 
  
   

  

 
  
   
    
 Largo: 145.00 mm 
 
 Alto: 44.00 mm 
 
  
   

  

 
  
   
    
 Puente: 17.00 mm",https://opticasoliva.pe/wp-content/uploads/2020/08/CWP159C4.jpg,https://opticasoliva.pe/product/lentes-colors/,"Hombre, Oftalmicos","Ópticas Oliva",99PEN,in stock,CWP159C4_709,https://opticasoliva.pe/cart/?add-to-cart=709,"https://opticasoliva.pe/wp-content/uploads/2020/08/CWP159C4-2.jpg,https://opticasoliva.pe/wp-content/uploads/2020/08/CWP159C4-3.jpg,https://opticasoliva.pe/wp-content/uploads/2020/08/CWP159C4-4.jpg",1970-01-29T00:00+00:00/2038-01-17T23:59+00:00,69PEN,new,published,,
BOR092C5_704,"ROUND BORA","Material: Metal 
 
Marco: Completo 
 
Forma: Redondo 
 
  
   

  

 
  
   
    
 Ancho: 137.00 mm 
 
 Luna: 52.00 mm 
 
  
   

  

 
  
   
    
 Largo: 145.00 mm 
 
 Alto: 51.00 mm 
 
  
   

  

 
  
   
    
 Puente: 18.00 mm",https://opticasoliva.pe/wp-content/uploads/2020/08/BOR092C5.jpg,https://opticasoliva.pe/product/round-bora/,"Hombre, Mujer, Oftalmicos","Ópticas Oliva",119PEN,in stock,BOR092C5_704,https://opticasoliva.pe/cart/?add-to-cart=704,"https://opticasoliva.pe/wp-content/uploads/2020/08/BOR092C5-2.jpg,https://opticasoliva.pe/wp-content/uploads/2020/08/BOR092C5-3.jpg,https://opticasoliva.pe/wp-content/uploads/2020/08/BOR092C5-4.jpg",1970-01-29T00:00+00:00/1970-01-30T23:59+00:00,119PEN,new,published,,
CWP100C5_698,"AGATA CW","Material: Carey 
 
Marco: Completo 
 
Forma: Agatada 
 
  
   

  

 
  
   
    
 Ancho: 138.00 mm 
 
 Luna: 50.00 mm 
 
  
   

  

 
  
   
    
 Largo: 145.00 mm 
 
 Alto: 47.00 mm 
 
  
   

  

 
  
   
    
 Puente: 19.00 mm",https://opticasoliva.pe/wp-content/uploads/2020/08/CWP100C5-1.jpg,https://opticasoliva.pe/product/agata-cw/,"Mujer, Oftalmicos","Ópticas Oliva",89PEN,in stock,CWP100C5_698,https://opticasoliva.pe/cart/?add-to-cart=698,"https://opticasoliva.pe/wp-content/uploads/2020/08/CWP100C5-2.jpg,https://opticasoliva.pe/wp-content/uploads/2020/08/CWP100C5-3.jpg,https://opticasoliva.pe/wp-content/uploads/2020/08/CWP100C5-4.jpg",1970-01-29T00:00+00:00/1970-01-30T23:59+00:00,89PEN,new,published,,
KITDELIMPIEZA_690,"KIT DE LIMPIEZA","Liquido limpiador con papel tissue",https://opticasoliva.pe/wp-content/uploads/2020/08/LIMPIADOR.jpg,https://opticasoliva.pe/product/kit-de-limpieza/,"Todos","Ópticas Oliva",15PEN,in stock,KITDELIMPIEZA_690,https://opticasoliva.pe/cart/?add-to-cart=690,,1970-01-29T00:00+00:00/1970-01-30T23:59+00:00,15PEN,new,published,,
F225_681,"TRIBBU","Material: Metal 
 
Marco: Completo 
 
Forma: Redondo 
 
  
   

  

 
  
   
    
 Ancho: 138.00 mm 
 
 Luna: 52.00 mm 
 
  
   

  

 
  
   
    
 Largo: 145.00 mm 
 
 Alto: 42.00 mm 
 
  
   

  

 
  
   
    
 Puente: 20.00 mm",https://opticasoliva.pe/wp-content/uploads/2020/08/F225-1.jpg,https://opticasoliva.pe/product/tribbu-2/,"Hombre, Mujer, Oftalmicos","Ópticas Oliva",119PEN,in stock,F225_681,https://opticasoliva.pe/cart/?add-to-cart=681,"https://opticasoliva.pe/wp-content/uploads/2020/08/F225-2.jpg,https://opticasoliva.pe/wp-content/uploads/2020/08/F225-3.jpg,https://opticasoliva.pe/wp-content/uploads/2020/08/F225-4.jpg",1970-01-29T00:00+00:00/1970-01-30T23:59+00:00,119PEN,new,published,,
TRA171109C3_667,"TRIBBU","Material: Acetato 
 
Marco: Completo 
 
Forma: Cuadrado 
 
  
   

  

 
  
   
    
 Ancho: 140.00 mm 
 
 Luna: 51.00 mm 
 
  
   

  

 
  
   
    
 Largo: 145.00 mm 
 
 Alto: 45.00 mm 
 
  
   

  

 
  
   
    
 Puente: 21.00 mm",https://opticasoliva.pe/wp-content/uploads/2020/08/TRA171109-1.jpg,https://opticasoliva.pe/product/tribbu/,"Hombre, Mujer, Oftalmicos","Ópticas Oliva",119PEN,in stock,TRA171109C3_667,https://opticasoliva.pe/cart/?add-to-cart=667,"https://opticasoliva.pe/wp-content/uploads/2020/08/TRA171109-2.jpg,https://opticasoliva.pe/wp-content/uploads/2020/08/TRA171109-4.jpg,https://opticasoliva.pe/wp-content/uploads/2020/08/TRA171109-3.jpg",1970-01-29T00:00+00:00/1970-01-30T23:59+00:00,119PEN,new,published,,
BOR088C1_662,"RAIDER","Material: Metal 
 
Marco: Completo 
 
Forma: Redondo Aviador 
 
  
   

  

 
  
   
    
 Ancho: 150.00 mm 
 
 Luna: 59.00 mm 
 
  
   

  

 
  
   
    
 Largo: 145.00 mm 
 
 Alto: 50.00 mm 
 
  
   

  

 
  
   
    
 Puente: 15.00 mm",https://opticasoliva.pe/wp-content/uploads/2020/08/BOR088C1-1.jpg,https://opticasoliva.pe/product/raider/,"Hombre, Mujer, Oftalmicos","Ópticas Oliva",119PEN,in stock,BOR088C1_662,https://opticasoliva.pe/cart/?add-to-cart=662,"https://opticasoliva.pe/wp-content/uploads/2020/08/BOR088C1-2.jpg,https://opticasoliva.pe/wp-content/uploads/2020/08/BOR088C1-3.jpg,https://opticasoliva.pe/wp-content/uploads/2020/08/BOR088C1-4.jpg",1970-01-29T00:00+00:00/1970-01-30T23:59+00:00,119PEN,new,published,,
F247_656,"FRANCI","Material: Metal 
 
Marco: Completo 
 
Forma: Cuadrado 
 
  
   

  

 
  
   
    
 Ancho: 134.00 mm 
 
 Luna: 50.00 mm 
 
  
   

  

 
  
   
    
 Largo: 145.00 mm 
 
 Alto: 43.00 mm 
 
  
   

  

 
  
   
    
 Puente: 21.00 mm",https://opticasoliva.pe/wp-content/uploads/2020/08/F247-1.jpg,https://opticasoliva.pe/product/franci/,"Mujer, Oftalmicos","Ópticas Oliva",119PEN,in stock,F247_656,https://opticasoliva.pe/cart/?add-to-cart=656,"https://opticasoliva.pe/wp-content/uploads/2020/08/F247-2.jpg,https://opticasoliva.pe/wp-content/uploads/2020/08/F247-3.jpg,https://opticasoliva.pe/wp-content/uploads/2020/08/F247-4.jpg",1970-01-29T00:00+00:00/1970-01-30T23:59+00:00,119PEN,new,published,,
CWP147C5_651,"LENTES COLORS","Material: Carey 
 
Marco: Completo 
 
Forma: Cuadrado 
 
  
   

  

 
  
   
    
 Ancho: 139.00 mm 
 
 Luna: 53.00 mm 
 
  
   

  

 
  
   
    
 Largo: 145.00 mm 
 
 Alto: 42.00 mm 
 
  
   

  

 
  
   
    
 Puente: 17.00 mm",https://opticasoliva.pe/wp-content/uploads/2020/08/CWP147C5-1.jpg,https://opticasoliva.pe/product/colors-3/,"Hombre, Mujer, Oftalmicos","Ópticas Oliva",69PEN,in stock,CWP147C5_651,https://opticasoliva.pe/cart/?add-to-cart=651,"https://opticasoliva.pe/wp-content/uploads/2020/08/CWP147C5-2.jpg,https://opticasoliva.pe/wp-content/uploads/2020/08/CWP147C5-3.jpg,https://opticasoliva.pe/wp-content/uploads/2020/08/CWP147C5-4.jpg",1970-01-29T00:00+00:00/1970-01-30T23:59+00:00,69PEN,new,published,,
CW999C4_646,"LENTES COLORS","Material: Carey 
 
Marco: Completo 
 
Forma: Agatada 
 
  
   

  

 
  
   
    
 Ancho: 137.00 mm 
 
 Luna: 51.00 mm 
 
  
   

  

 
  
   
    
 Largo: 145.00 mm 
 
 Alto: 46.00 mm 
 
  
   

  

 
  
   
    
 Puente: 19.00 mm",https://opticasoliva.pe/wp-content/uploads/2020/08/CW999C4-1.jpg,https://opticasoliva.pe/product/colors-2/,"Mujer, Oftalmicos","Ópticas Oliva",69PEN,in stock,CW999C4_646,https://opticasoliva.pe/cart/?add-to-cart=646,"https://opticasoliva.pe/wp-content/uploads/2020/08/CW999C4-2.jpg,https://opticasoliva.pe/wp-content/uploads/2020/08/CW999C4-3.jpg,https://opticasoliva.pe/wp-content/uploads/2020/08/CW999C4-4.jpg",1970-01-29T00:00+00:00/1970-01-30T23:59+00:00,69PEN,new,published,,
CWP025C3_641,"COLORS","Material: Carey 
 
Marco: Completo 
 
Forma: Redonda 
 
  
   

  

 
  
   
    
 Ancho: 137.00 mm 
 
 Luna: 51.00 mm 
 
  
   

  

 
  
   
    
 Largo: 145.00 mm 
 
 Alto: 46.00 mm 
 
  
   

  

 
  
   
    
 Puente: 19.00 mm",https://opticasoliva.pe/wp-content/uploads/2020/08/CWP025C3-1.jpg,https://opticasoliva.pe/product/colors/,"Hombre, Mujer, Oftalmicos","Ópticas Oliva",69PEN,in stock,CWP025C3_641,https://opticasoliva.pe/cart/?add-to-cart=641,"https://opticasoliva.pe/wp-content/uploads/2020/08/CWP025C3-2.jpg,https://opticasoliva.pe/wp-content/uploads/2020/08/CWP025C3-3.jpg,https://opticasoliva.pe/wp-content/uploads/2020/08/CWP025C3-4.jpg",1970-01-29T00:00+00:00/1970-01-30T23:59+00:00,69PEN,new,published,,
MIA087C2_612,"MICHEL","Material: Acetato 
 
Marco: Completo 
 
Forma: Cuadrada - Rectangular 
 
  
   

  

 
  
   
    
 Ancho: 136.00 mm 
 
 Luna: 53.00 mm 
 
  
   

  

 
  
   
    
 Largo: 145.00 mm 
 
 Alto: 42.00 mm 
 
  
   

  

 
  
   
    
 Puente: 17.00 mm",https://opticasoliva.pe/wp-content/uploads/2020/08/MICHEL-MIA087C2-1.jpg,https://opticasoliva.pe/product/michel/,"Hombre, Oftalmicos","Ópticas Oliva",119PEN,in stock,MIA087C2_612,https://opticasoliva.pe/cart/?add-to-cart=612,"https://opticasoliva.pe/wp-content/uploads/2020/08/MICHEL-MIA087C2-2.jpg,https://opticasoliva.pe/wp-content/uploads/2020/08/MICHEL-MIA087C2-3.jpg,https://opticasoliva.pe/wp-content/uploads/2020/08/MICHEL-MIA087C2-4.jpg",1970-01-29T00:00+00:00/1970-01-30T23:59+00:00,119PEN,new,published,,
